{"train": {"f1": 0.8146309210444242}, "val": {"f1": 0.8151479227433052}}